gene	log2FC	p	padj	n
LOC101928826	-0.00751247732209798	0.997931103248529	0.999901617477153	17
HUWE1	-0.0190083175348862	0.994765415425613	0.999901617477153	17
RPL37A	-0.00252308309287378	0.999305204234718	0.999901617477153	17
EEF1A1	-0.00252308309287378	0.999305204234718	0.999901617477153	17
RPL23A	-0.00252308309287378	0.999305204234718	0.999901617477153	17
FTL	-0.00252308309287378	0.999305204234718	0.999901617477153	17
RPS3A	-0.00252308309287378	0.999305204234718	0.999901617477153	17
ACTB	-0.00252308309287378	0.999305204234718	0.999901617477153	17
RPL41	-0.00252308309287378	0.999305204234718	0.999901617477153	17
RPS23	-0.00252308309287378	0.999305204234718	0.999901617477153	17
RPL13A	-0.00252308309287378	0.999305204234718	0.999901617477153	17
FABP4	-0.00252308309287378	0.999305204234718	0.999901617477153	17
RPL7	-0.00252308309287378	0.999305204234718	0.999901617477153	17
HBA1	-0.0569321831837035	0.984323958582477	0.999901617477153	17
RPS10	-0.0160977034538453	0.995567154034683	0.999901617477153	17
UBC	-0.00252308309287378	0.999305204234718	0.999901617477153	17
VIM	-0.00252308309287378	0.999305204234718	0.999901617477153	17
RNU86	-0.0160977034538453	0.995567154034683	0.999901617477153	17
B2M	-0.00252308309287378	0.999305204234718	0.999901617477153	17
HBB	-0.0568817680483417	0.984337837745625	0.999901617477153	17
RPS6	-0.000812359432352239	0.999776301362052	0.999901617477153	17
RPS20	0.0126599506080217	0.996513815552981	0.999901617477153	17
RPL9	-0.0158843935970563	0.995625892111413	0.999901617477153	17
RPL27A	-0.0158843935970563	0.995625892111413	0.999901617477153	17
RPS18	-0.0160977034538453	0.995567154034683	0.999901617477153	17
RPS4X	-0.0159104825784298	0.995618708115711	0.999901617477153	17
RP5-882O7.1	-0.0433045449700994	0.98807581554726	0.999901617477153	17
RPS2	-0.0129486180028665	0.996434491932913	0.999901617477153	17
RPL39	-0.0158843935970563	0.995625892111413	0.999901617477153	17
RPS27	-0.0126373703087399	0.996520195616774	0.999901617477153	17
RPS14	0.0299791580117243	0.991745047149845	0.999901617477153	17
RPL31	-0.0266866775357277	0.992651767095994	0.999901617477153	17
RPL7A	0.00255900664057759	0.999295364340167	0.999901617477153	17
RPL30	-0.0128547190316818	0.996460347867956	0.999901617477153	17
RPLP1	-0.0126373703087399	0.996520195616774	0.999901617477153	17
DCN	0.0183836208826874	0.994938080823998	0.999901617477153	17
RPS12	-0.0111790528919502	0.9969218322068	0.999901617477153	17
FHL1	0.0025637296571631	0.999294063714924	0.999901617477153	17
RPS11	-0.0266866775357277	0.992651767095994	0.999901617477153	17
RPLP0	-0.0267639391478054	0.992630494022734	0.999901617477153	17
RPL3	-0.0266948447178257	0.992649518358393	0.999901617477153	17
RPL32	-0.00955621132229192	0.997368750691908	0.999901617477153	17
HLA-C	-0.00763762287760723	0.997897077416452	0.999901617477153	17
UBB	-0.00794008840864872	0.99781379813027	0.999901617477153	17
RPS17	0.00440123446570716	0.998788128969678	0.999901617477153	17
FTH1	0.0201177150245946	0.994460752274676	0.999901617477153	17
RPL34	0.00440123446570716	0.998788128969678	0.999901617477153	17
HLA-A	-0.0533006462388424	0.985324899583355	0.999901617477153	17
RPS24	0.00804236508891134	0.997785671013059	0.999901617477153	17
FTH1P5	0.0223047261392382	0.993858750773542	0.999901617477153	17
COL1A2	0.0102103778152178	0.997188824238348	0.999901617477153	17
RPL13	-0.0078903063970039	0.997827504839601	0.999901617477153	17
SPTBN1	0.0382015540667934	0.989482179155574	0.999901617477153	17
GPX3	-0.00610293582825977	0.998319679206254	0.999901617477153	17
EIF1	-0.00608057077276317	0.998325836939111	0.999901617477153	17
LOC101060363	-0.0220858934164791	0.993919055569315	0.999901617477153	17
RPS28	0.00991334762002456	0.997270604544009	0.999901617477153	17
EEF1G	-0.00437288354602347	0.998796047313997	0.999901617477153	17
HLA-B	0.0100205197493303	0.997241097210343	0.999901617477153	17
RPLP2	-0.00619716242642443	0.99829373595716	0.999901617477153	17
RPS29	0.0241450968160676	0.993352227737385	0.999901617477153	17
LGALS1	0.00991334762002456	0.997270604544009	0.999901617477153	17
RPS15	-0.00438683425160771	0.998792206389996	0.999901617477153	17
NBEAL1	-0.00619716242642443	0.99829373595716	0.999901617477153	17
RPL38	0.00991334762002456	0.997270604544009	0.999901617477153	17
TXNIP	0.068628843297909	0.981106099010467	0.999901617477153	17
PPIA	-0.0188160983563054	0.994819606121169	0.999901617477153	17
NACA	-0.00618938410763491	0.9982958775702	0.999901617477153	17
TUBA1B	-0.0204530436064503	0.994368776944535	0.999901617477153	17
LOC100508408	0.0119195688174788	0.996718335893828	0.999901617477153	17
GSN	-0.0188160983563056	0.994819606121169	0.999901617477153	17
RPL27	-0.00252364599234408	0.999305203262944	0.999901617477153	17
RPS15A	0.00991334762002456	0.997270604544009	0.999901617477153	17
CFL1	-0.0204624631308156	0.994366183511581	0.999901617477153	17
RPL10	-0.0188160983563054	0.994819606121169	0.999901617477153	17
TMSB10	-0.00438683425160771	0.998792206389996	0.999901617477153	17
RPL23	0.0262057999829718	0.992785078471574	0.999901617477153	17
RPS16	-0.00252364599234408	0.999305203262944	0.999901617477153	17
RPS19	-0.00438683425160771	0.998792206389996	0.999901617477153	17
CALM1	-0.00252364599234408	0.999305203262944	0.999901617477153	17
ANXA2	0.0119056181118898	0.996722176782785	0.999901617477153	17
RPS27A	-0.033426733375298	0.990797304899431	0.999901617477153	17
RPL12	-0.0188160983563054	0.994819606121169	0.999901617477153	17
RPL22	-0.00252364599234408	0.999305203262944	0.999901617477153	17
RPL4	-0.00438683425160771	0.998792206389996	0.999901617477153	17
SPARCL1	-0.0188160983563054	0.994819606121169	0.999901617477153	17
PSAP	-0.00437288354602347	0.998796047313997	0.999901617477153	17
C3	-0.0186138525652608	0.994875286179549	0.999901617477153	17
H3F3A	-0.0352090635689353	0.99030636372394	0.999901617477153	17
RPL37	-0.00252364599234408	0.999305203262944	0.999901617477153	17
COL3A1	0.0121407390718168	0.99665744360346	0.999901617477153	17
MT2A	-0.00281649076740242	0.999224578907281	0.999901617477153	17
AKR1C1	0.0283456941417871	0.99219616758984	0.999901617477153	17
GNAS	-0.00252364599234408	0.999305203262944	0.999901617477153	17
HMGB1	-0.00252364599234408	0.999305203262944	0.999901617477153	17
TMSB4X	-0.00252364599234408	0.999305203262944	0.999901617477153	17
C18orf32	-0.0188160983563054	0.994819606121169	0.999901617477153	17
RPL36A	-0.0171342810104517	0.995282768237479	0.999901617477153	17
RPL11	-0.00252364599234408	0.999305203262944	0.999901617477153	17
PLIN1	0.0306238568571397	0.991569234993266	0.999901617477153	17
ALDH2	0.0140475822798764	0.996132572229938	0.999901617477153	17
RPL24	-0.00252364599234408	0.999305203262944	0.999901617477153	17
RPL18A	0.0139478619901395	0.996160025596398	0.999901617477153	17
HNRNPA1	-0.0173386031911137	0.995226517905026	0.999901617477153	17
GAPDH	-0.00252364599234408	0.999305203262944	0.999901617477153	17
SEPP1	0.0140475820032809	0.996132572306085	0.999901617477153	17
SPARC	-0.00252364599234408	0.999305203262944	0.999901617477153	17
EEF2	-0.00252364599234408	0.999305203262944	0.999901617477153	17
RPS3	-0.0321008150003807	0.991162583732371	0.999901617477153	17
LPL	0.0139549055815528	0.99615808642255	0.999901617477153	17
RTN4	0.0139549055815528	0.99615808642255	0.999901617477153	17
EIF4A2	-0.00252364599234408	0.999305203262944	0.999901617477153	17
MGP	-0.0334267333752982	0.990797304899431	0.999901617477153	17
CAV1	-0.00252364599234408	0.999305203262944	0.999901617477153	17
RPL21	-0.00252364599234408	0.999305203262944	0.999901617477153	17
LDHA	0.0139549055815528	0.99615808642255	0.999901617477153	17
GNB2L1	-0.00252364599234408	0.999305203262944	0.999901617477153	17
TNS1	0.0307176041615969	0.99154342806423	0.999901617477153	17
RPL19	-0.00252364599234408	0.999305203262944	0.999901617477153	17
MIR6805	-0.0171058086474161	0.995290606743275	0.999901617477153	17
CD63	-0.00252364599234408	0.999305203262944	0.999901617477153	17
RPL5	0.0139549055815528	0.99615808642255	0.999901617477153	17
PABPC1	-0.00252364599234408	0.999305203262944	0.999901617477153	17
G0S2	0.015959734857075	0.99560627264216	0.999901617477153	17
CAT	0.0139549055815528	0.99615808642255	0.999901617477153	17
IFITM2	-0.0171129270307865	0.995288647036188	0.999901617477153	17
IFITM3	-0.0318728306016652	0.991225343966433	0.999901617477153	17
ANXA1	0.0139549055815528	0.99615808642255	0.999901617477153	17
RPL29	0.0307176041615969	0.99154342806423	0.999901617477153	17
MYL6	-0.00252364599234408	0.999305203262944	0.999901617477153	17
ADH1B	0.00120781828883842	0.999667489339823	0.999901617477153	17
HSP90AA1	-0.00252364599234408	0.999305203262944	0.999901617477153	17
RHOA	-0.00252364599234408	0.999305203262944	0.999901617477153	17
AHNAK	-0.0171342810104517	0.995282768237479	0.999901617477153	17
CD81	0.0307077485821482	0.991546141125479	0.999901617477153	17
MT1X	-0.0158213218738482	0.995644362624575	0.999901617477153	17
IGFBP7	-0.0319196727245834	0.991212449118782	0.999901617477153	17
HLA-DRB1	-0.0156763051275297	0.99568428577642	0.999901617477153	17
TM4SF1	0.0306157186938545	0.991571475282352	0.999901617477153	17
CFD	0.0646367978828862	0.98220720855756	0.999901617477153	17
TUBA1C	-0.0173386028689994	0.995226517993708	0.999901617477153	17
RPS4XP2	0.0161069691445024	0.995565739551558	0.999901617477153	17
RNASE1	-0.0139695135569909	0.996154279402156	0.999901617477153	17
LDHB	-0.00252364599234408	0.999305203262944	0.999901617477153	17
CRYAB	0.0789138001407182	0.978277741659961	0.999901617477153	17
PTPRO	-0.013742317043034	0.996216823954419	0.999901617477153	17
RPL8	-0.0156222634257423	0.995699163201319	0.999901617477153	17
RPL15	-0.0155295870039819	0.995724677330619	0.999901617477153	17
CD74	0.015959734578578	0.995606272718828	0.999901617477153	17
OAZ1	-0.0171791038462967	0.995270428411346	0.999901617477153	17
RPL6	-0.0305080314061202	0.991601310603085	0.999901617477153	17
SKP1	-0.000616539996706272	0.999830262411736	0.999901617477153	17
RPS21	-0.0136762878461865	0.996235001102127	0.999901617477153	17
RPS7	0.0180053332086095	0.995043274205905	0.999901617477153	17
EFEMP1	0.0181477403310243	0.995004070437732	0.999901617477153	17
ITM2B	-0.00252364599234408	0.999305203262944	0.999901617477153	17
ITGB1	0.00123877705156763	0.99965896648779	0.999901617477153	17
ADIPOQ	0.0498767105969268	0.986269981782137	0.999901617477153	17
FSTL1	0.0329183802148509	0.990937847854926	0.999901617477153	17
RPS5	-0.0139139008163902	0.996169589008393	0.999901617477153	17
A2M	-0.0320648592958818	0.991172481722011	0.999901617477153	17
RPL18	-0.0138390804082662	0.996190186192857	0.999901617477153	17
S100A6	0.0329618963669342	0.990925868225138	0.999901617477153	17
SAA1	0.0645939355659591	0.982219006459353	0.999901617477153	17
TIMP1	0.00126653408633222	0.999651324941668	0.999901617477153	17
RPSA	-0.0289556518576709	0.992028897615077	0.999901617477153	17
AKR1C2	0.01987331071933	0.994529210313111	0.999901617477153	17
UBA52	-0.0137599433961803	0.996211971693752	0.999901617477153	17
FAU	-0.0121018201974737	0.996668541951513	0.999901617477153	17
GLTSCR2	-0.0137525990387591	0.996213994182294	0.999901617477153	17
LGALS3	0.0352120065574798	0.990306755949702	0.999901617477153	17
EIF4A1	-0.0442116489971236	0.987829564580179	0.999901617477153	17
DDX17	0.0181477403310243	0.995004070437732	0.999901617477153	17
GLUL	0.0352425286891778	0.990298353929769	0.999901617477153	17
RPS8	0.00303477399073917	0.999164556621784	0.999901617477153	17
HSP90AB1	-0.0443126387415186	0.987801767558913	0.999901617477153	17
RPL35	-0.0289556518576709	0.992028897615077	0.999901617477153	17
C4orf46	0.0353048926779578	0.990281186690741	0.999901617477153	17
CEBPB	-0.0102936159669413	0.997166400907566	0.999901617477153	17
CD36	0.00299014286961634	0.999176843173789	0.999901617477153	17
RPL35A	0.00328235779122426	0.999096399086028	0.999901617477153	17
HLA-DQB1	-0.0290401931553619	0.99200562591893	0.999901617477153	17
COL6A1	0.0224933720690274	0.993808157359591	0.999901617477153	17
NPM1	0.0180053332086096	0.995043274205905	0.999901617477153	17
ADIRF	0.0672412012726926	0.981490976936903	0.999901617477153	17
HSPA8	-0.0752926816125522	0.979275803043052	0.999901617477153	17
TMA7	0.00297012228288616	0.999182354508753	0.999901617477153	17
MMD	0.0524282750202365	0.985568110054715	0.999901617477153	17
MT1E	-0.00839734632113938	0.997688472954897	0.999901617477153	17
LAMP1	0.00512831880602955	0.998588268325843	0.999901617477153	17
APOD	0.0374669273061606	0.989686370519494	0.999901617477153	17
SLC25A3	0.0200272625148308	0.994486830693612	0.999901617477153	17
S100A10	0.020004318601009	0.99449314596225	0.999901617477153	17
SCD	0.135133781618975	0.962814394613985	0.999901617477153	17
PTMA	-0.0083320065134228	0.997706459202202	0.999901617477153	17
MORF4L1	0.0399505773696333	0.98900307901337	0.999901617477153	17
RPS25	0.00719735079432844	0.998018765488854	0.999901617477153	17
SAT1	-0.0103019466866713	0.997164107634809	0.999901617477153	17
C1S	0.00704014139056808	0.998062041145224	0.999901617477153	17
RPS9	-0.0255988998965607	0.992953380265545	0.999901617477153	17
PCBP2	0.0222606148367986	0.993872229418797	0.999901617477153	17
SNX3	0.0874352820690376	0.975934985504774	0.999901617477153	17
LAPTM4A	0.00905997913187341	0.997506117252069	0.999901617477153	17
BTF3	-0.0428268863442858	0.988211096462675	0.999901617477153	17
CST3	0.0400277636337184	0.988981833061485	0.999901617477153	17
CAPN2	0.024744555428022	0.993188697381557	0.999901617477153	17
EIF4G2	0.0421455557384825	0.9883993033928	0.999901617477153	17
MT1HL1	-0.00861259871201284	0.997629221341164	0.999901617477153	17
PARK7	0.042124511953178	0.988405095773422	0.999901617477153	17
CIDEC	0.0246962248748417	0.993202001054591	0.999901617477153	17
CD99	0.00703272128776258	0.998064083706201	0.999901617477153	17
DDX5	-0.0240035571031808	0.993392732768715	0.999901617477153	17
COX4I1	0.0420601156805382	0.98842282028843	0.999901617477153	17
RPL10A	-0.0412943440959445	0.988633291214713	0.999901617477153	17
JUND	0.00705088159149836	0.998059084287288	0.999901617477153	17
LOC101929087	-0.00646176055995159	0.998221336531636	0.999901617477153	17
TIMP3	-0.0255930327730692	0.992954995230912	0.999901617477153	17
ANXA5	0.00907780829830902	0.997501209556759	0.999901617477153	17
ASAH1	0.00924886174205487	0.997454124469781	0.999901617477153	17
SDCBP	-0.0222148917071854	0.993885276763814	0.999901617477153	17
MXRA7	0.0445772251315954	0.987730438843985	0.999901617477153	17
SOD1	0.0111439886277485	0.996932569453947	0.999901617477153	17
DUSP1	-0.107231752722612	0.970488920072244	0.999901617477153	17
HYPK	0.0267894410858858	0.992626071329801	0.999901617477153	17
IGK	-0.106732410395861	0.970626271855033	0.999901617477153	17
C7	-0.0253253254420064	0.993028683531264	0.999901617477153	17
EPAS1	0.0111818874172017	0.996922137592814	0.999901617477153	17
EEF1B2	-0.00646838448529967	0.998219513274821	0.999901617477153	17
COL4A1	-0.00452461854899059	0.998754595134475	0.999901617477153	17
DSTN	-0.0381175278592393	0.989508380909604	0.999901617477153	17
EIF3E	-0.0045715673752882	0.998741672477197	0.999901617477153	17
PRKAR2B	0.0289975953672188	0.992018554026539	0.999901617477153	17
HLA-DRA	-0.0257719547410061	0.992905744471582	0.999901617477153	17
IFITM1	0.0114704957410113	0.996842696420315	0.999901617477153	17
NCOA4	-0.00252426367733247	0.999305217959712	0.999901617477153	17
METTL7A	0.0112302083337744	0.996908836927357	0.999901617477153	17
UGP2	0.0446948199162452	0.987698073164709	0.999901617477153	17
CALD1	-0.0204358922473273	0.994375133462383	0.999901617477153	17
RPL14	-0.00454760722918589	0.998748267514234	0.999901617477153	17
CD164	0.0111656693688887	0.99692660165159	0.999901617477153	17
HLA-G	-0.0203439793177187	0.994400431199693	0.999901617477153	17
ATP5A1	0.0290469796496723	0.992004961330986	0.999901617477153	17
RAC1	0.0134359508305279	0.996301825958042	0.999901617477153	17
COL1A1	-0.00615101501299845	0.998306871692589	0.999901617477153	17
COL6A3	-0.022176972916098	0.993895713490163	0.999901617477153	17
PTRF	0.0134359508305279	0.996301825958042	0.999901617477153	17
ARL6IP5	0.0290393989511902	0.992007047867792	0.999901617477153	17
YBX1	-0.00252426367733247	0.999305217959712	0.999901617477153	17
RAB1A	-0.00252426367733247	0.999305217959712	0.999901617477153	17
NGFRAP1	0.0291174533653551	0.991985563910987	0.999901617477153	17
RHOB	-0.00459859908539352	0.998734232042714	0.999901617477153	17
IGFBP3	-0.00430469127703297	0.998815130000104	0.999901617477153	17
HLA-DPA1	0.0627322940051915	0.982734391475278	0.999901617477153	17
GABARAP	-0.0204358922473273	0.994375133462383	0.999901617477153	17
MORF4L2	-0.00252426367733247	0.999305217959712	0.999901617477153	17
TACC1	-0.00252426367733247	0.999305217959712	0.999901617477153	17
YBX3	-0.0557506134148629	0.984655204739037	0.999901617477153	17
HMGN2	-0.00252426367733247	0.999305217959712	0.999901617477153	17
TUBA1A	-0.0204254321988645	0.994378012547646	0.999901617477153	17
SRP14	-0.00252426367733247	0.999305217959712	0.999901617477153	17
PNN	0.0290848784391269	0.991994529941798	0.999901617477153	17
HLA-E	0.0134359508305279	0.996301825958042	0.999901617477153	17
HSPA1A	0.0111656693688887	0.99692660165159	0.999901617477153	17
HNRNPK	0.013378372473683	0.996317674181924	0.999901617477153	17
PPAP2B	-0.0204254317711372	0.994378012665376	0.999901617477153	17
SORBS1	0.0314921966475319	0.991332250145456	0.999901617477153	17
EIF3L	-0.00252426367733247	0.999305217959712	0.999901617477153	17
CYB5R3	0.0472141100309997	0.987005159004847	0.999901617477153	17
GPX1	0.0473085389561227	0.986979172968945	0.999901617477153	17
ALDOA	-0.0204358922473272	0.994375133462383	0.999901617477153	17
PMP22	-0.0025629978005162	0.999294556751602	0.999901617477153	17
PEA15	0.0315151845672616	0.991325923130012	0.999901617477153	17
ACSL1	-0.0044756773110392	0.998768066160314	0.999901617477153	17
MCL1	-0.0871384337531688	0.976019729364416	0.999901617477153	17
DBI	-0.00252426367733247	0.999305217959712	0.999901617477153	17
MTCH1	-0.00252426367733247	0.999305217959712	0.999901617477153	17
TUBB	-0.00252426367733247	0.999305217959712	0.999901617477153	17
SLC38A2	0.0134372147625679	0.996301478144525	0.999901617477153	17
SLC25A6	-0.0367406456717879	0.989887685207819	0.999901617477153	17
MGST3	-0.00252426367733247	0.999305217959712	0.999901617477153	17
CANX	-0.00252426367733247	0.999305217959712	0.999901617477153	17
MEST	0.0132594883069132	0.996350396596151	0.999901617477153	17
ATP6V0E1	-0.00252426367733247	0.999305217959712	0.999901617477153	17
NBPF10	-0.0204358922473273	0.994375133462383	0.999901617477153	17
GJA1	-0.0367406456717881	0.989887685207819	0.999901617477153	17
HSPD1	-0.00252426367733247	0.999305217959712	0.999901617477153	17
LOC100506248	-0.0169558814234346	0.995333302314043	0.999901617477153	17
GPNMB	-0.00242352422895977	0.999332945698882	0.999901617477153	17
LUM	-0.000467343299155789	0.999871372231127	0.999901617477153	17
YWHAB	-0.00252426367733247	0.999305217959712	0.999901617477153	17
CLTC	-0.00252426367733247	0.999305217959712	0.999901617477153	17
CCNI	-0.00252426367733247	0.999305217959712	0.999901617477153	17
ARF1	-0.0186630191900189	0.994863277545663	0.999901617477153	17
ZFP36L2	0.0134359508305279	0.996301825958042	0.999901617477153	17
PABPC3	-0.00252426367733247	0.999305217959712	0.999901617477153	17
EPHX1	0.118842124174695	0.967300096206191	0.999901617477153	17
UQCRB	0.0156125484161993	0.995702883634558	0.999901617477153	17
CTSB	-0.0365651126468955	0.989935993782902	0.999901617477153	17
IL6ST	-0.00252426367733247	0.999305217959712	0.999901617477153	17
PFDN5	-0.0206970161189783	0.9943032631906	0.999901617477153	17
ATP5B	0.013378372473683	0.996317674181924	0.999901617477153	17
COX6C	-0.00252426367733247	0.999305217959712	0.999901617477153	17
PRDX6	0.0156125484161994	0.995702883634558	0.999901617477153	17
DDX3X	-0.0188290171005838	0.99481759052351	0.999901617477153	17
ZFAND5	0.0291659416396944	0.991972218008859	0.999901617477153	17
ATP5E	0.0133400611940898	0.996328219215878	0.999901617477153	17
TSPAN3	0.0156125484161994	0.995702883634558	0.999901617477153	17
FERMT2	0.0156125484161994	0.995702883634558	0.999901617477153	17
GPX4	0.0339802775419565	0.990647802483211	0.999901617477153	17
RP13-258O15.1	-0.0186041553932598	0.994879478429379	0.999901617477153	17
CXCL12	-0.0184946705160937	0.994909612727849	0.999901617477153	17
CEBPD	-0.0861467210753691	0.976293399206565	0.999901617477153	17
ACTR3	0.0157145542248283	0.995674808841503	0.999901617477153	17
FN1	0.0158105538672037	0.99564838528401	0.999901617477153	17
DYNLL1	0.0340835825399166	0.990619372813611	0.999901617477153	17
IGFBP4	0.0688010799086133	0.98106571858894	0.999901617477153	17
MDH1	0.0842737202373208	0.976808345822451	0.999901617477153	17
STOM	-0.00252426367733247	0.999305217959712	0.999901617477153	17
SERPINF1	0.03407272213123	0.990622361611319	0.999901617477153	17
LOC100996747	-0.103632887731223	0.971482749182323	0.999901617477153	17
TSC22D3	0.0340694774046769	0.990623252846108	0.999901617477153	17
IGFBP5	-0.00242352422895897	0.999332945698883	0.999901617477153	17
NAP1L1	-0.00252426367733247	0.999305217959712	0.999901617477153	17
VAPA	-0.0170154177653418	0.995316916830698	0.999901617477153	17
MT1H	-0.000744311403285943	0.999795141800395	0.999901617477153	17
APLP2	0.0157145542248283	0.995674808841503	0.999901617477153	17
ST13	-0.000590199197863375	0.999837558426373	0.999901617477153	17
S100A8	-0.155602485711416	0.957194120696617	0.999901617477153	17
NPC2	0.0157038308749499	0.995677760200618	0.999901617477153	17
CAPNS1	0.0156125484161994	0.995702883634558	0.999901617477153	17
FBLN1	-0.018580654785623	0.994885946423252	0.999901617477153	17
LAPTM5	-0.00252426367733247	0.999305217959712	0.999901617477153	17
ANP32B	-0.0186041553932598	0.994879478429379	0.999901617477153	17
ATP5H	-0.000424201287272841	0.999883246307093	0.999901617477153	17
CSDE1	0.0156125484161994	0.995702883634558	0.999901617477153	17
ARF4	0.0156036936667749	0.995705320704728	0.999901617477153	17
ATF4	0.0178415220305957	0.995089574450592	0.999901617477153	17
NDUFS5	0.0526895174398934	0.985499332098543	0.999901617477153	17
EEF1D	-0.0166967987051846	0.995404606631957	0.999901617477153	17
ELOVL5	0.0315151845672616	0.991325923130012	0.999901617477153	17
LAMC1	0.0157145542248283	0.995674808841503	0.999901617477153	17
DPYSL2	0.0180036908253517	0.995044942464067	0.999901617477153	17
CHCHD2	-0.0186630191900189	0.994863277545663	0.999901617477153	17
MATR3	-0.0186041553932598	0.994879478429379	0.999901617477153	17
NCL	-0.00252426367733247	0.999305217959712	0.999901617477153	17
P4HB	-0.000424201287272841	0.999883246307093	0.999901617477153	17
YWHAZ	0.0156125484161994	0.995702883634558	0.999901617477153	17
TSC22D1	-0.0348931365789697	0.990396492372991	0.999901617477153	17
PNPLA2	0.0155543326163604	0.995718906731201	0.999901617477153	17
TCF4	0.0526804335745159	0.985501831644713	0.999901617477153	17
PPA1	-0.00075107846139192	0.999793279330608	0.999901617477153	17
PRDX1	0.0156125484161993	0.995702883634558	0.999901617477153	17
CD59	-0.0670189006096217	0.98155711686144	0.999901617477153	17
COX7C	-0.0334234058341041	0.990801313066392	0.999901617477153	17
RHOQ	0.0338910709195184	0.990672353985454	0.999901617477153	17
NFKBIA	-0.000770536840943982	0.999787923726524	0.999901617477153	17
SERPING1	-0.000365337490504769	0.999899447491287	0.999901617477153	17
CLU	0.0157145542248283	0.995674808841503	0.999901617477153	17
ATP5L	-0.0188290171005838	0.99481759052351	0.999901617477153	17
SRP9	0.0365416780641326	0.989943242805588	0.999901617477153	17
COL6A2	0.00388576159990732	0.998930592618376	0.999901617477153	17
AKAP12	-0.0187531608512395	0.994838467220858	0.999901617477153	17
SRGN	-0.015042347882145	0.995860101159039	0.999901617477153	17
COX6A1	-0.0169134119566718	0.9953449916646	0.999901617477153	17
SEPT2	0.0340835825399166	0.990619372813611	0.999901617477153	17
CHRDL1	0.0526785169143399	0.985502359039233	0.999901617477153	17
ZFP36L1	-0.00252426367733247	0.999305217959712	0.999901617477153	17
PRKAR1A	0.0340835825399162	0.990619372813611	0.999901617477153	17
MYL12A	-0.016756324484442	0.995388224038805	0.999901617477153	17
SEPT7	-0.0186630191900189	0.994863277545663	0.999901617477153	17
PTP4A2	-0.00252426367733247	0.999305217959712	0.999901617477153	17
NONO	-0.0186630191900189	0.994863277545663	0.999901617477153	17
CNBP	-0.0166763647046322	0.995410231412227	0.999901617477153	17
RGS5	0.017976161938673	0.995052519123417	0.999901617477153	17
HSP90B1	0.0203302868885962	0.994404819656318	0.999901617477153	17
NPTN	0.0156036936667749	0.995705320704728	0.999901617477153	17
NDRG1	0.0339802780157922	0.990647802352811	0.999901617477153	17
SUB1	0.0339713100148338	0.99065027035919	0.999901617477153	17
GAS1	-0.0147752351066909	0.995933613302533	0.999901617477153	17
POLR2L	0.0365397614039547	0.989943770246618	0.999901617477153	17
TAGLN	-0.0167563240256117	0.995388224165088	0.999901617477153	17
S100A4	0.00158143959130466	0.999564753077734	0.999901617477153	17
DPT	-0.0150652580947728	0.995853796923732	0.999901617477153	17
ANXA8	-0.00035745320201284	0.999901617477153	0.999901617477153	17
SF3B1	-0.0185728211742491	0.994888102442128	0.999901617477153	17
TGFBR2	0.0526785169143399	0.985502359039233	0.999901617477153	17
ACTA2	-0.102929477348701	0.971677239359303	0.999901617477153	17
BTG1	-0.0149036585917397	0.995898269885671	0.999901617477153	17
MAOA	0.0178415225035233	0.995089574320435	0.999901617477153	17
UBE2D3	-0.0169321123102291	0.995339844007077	0.999901617477153	17
GDI2	0.0179448270285772	0.995061143298592	0.999901617477153	17
FABP5	0.0526785169143399	0.985502359039233	0.999901617477153	17
COL4A2	-0.0150543976860803	0.995856785906773	0.999901617477153	17
EMP1	-0.0131365825790457	0.996384729376459	0.999901617477153	17
MSN	0.0339713100148339	0.99065027035919	0.999901617477153	17
HTRA1	0.0526785173057314	0.985502358931537	0.999901617477153	17
PCBP1	0.0157145542248283	0.995674808841503	0.999901617477153	17
PTGES3	-0.0333632085748824	0.990817881035123	0.999901617477153	17
FAXDC2	0.0366377892109751	0.989916792167719	0.999901617477153	17
PEBP1	0.0526895174398934	0.985499332098543	0.999901617477153	17
DAZAP2	0.0178914183002461	0.995075841616334	0.999901617477153	17
AP3S1	0.0179339666198877	0.995064132252411	0.999901617477153	17
HSPB1	0.0554586579933506	0.984737886355862	0.999901617477153	17
HLA-DPB1	0.0201763988276214	0.994447170743669	0.999901617477153	17
PLA2G16	-0.0149781535328182	0.995877768146818	0.999901617477153	17
UQCR10	0.03655076192951	0.989940743038968	0.999901617477153	17
ABCA8	0.0553886498915008	0.98475715077567	0.999901617477153	17
YWHAQ	-0.0334652143835757	0.990789807536675	0.999901617477153	17
HLA-F	0.00385340291344034	0.9989394979504	0.999901617477153	17
PSMB1	-0.000467343299155709	0.999871372231127	0.999901617477153	17
OS9	0.00364081874694687	0.998998004002483	0.999901617477153	17
C1R	-0.0148354391458072	0.99591704455171	0.999901617477153	17
IGF2	0.0776537500154678	0.978632368451064	0.999901617477153	17
TMEM59	0.0200615512615017	0.994478779732016	0.999901617477153	17
PTGDS	0.0419382768398389	0.988458987032155	0.999901617477153	17
FKBP1A	0.00171642983576855	0.999527600839778	0.999901617477153	17
GTF2I	0.0391364864766053	0.989229556335584	0.999901617477153	17
PPAP2A	-0.0148954626640441	0.99590052627659	0.999901617477153	17
MYL12B	0.0200615512615017	0.994478779732016	0.999901617477153	17
MGLL	0.022599281738587	0.993780604946422	0.999901617477153	17
SERINC1	0.0553981850058519	0.984754526909833	0.999901617477153	17
RAP1B	0.00370962584210689	0.998979067203934	0.999901617477153	17
ERH	0.0016721606477569	0.999539784699994	0.999901617477153	17
GABARAPL2	-0.0149621254756081	0.995882180112687	0.999901617477153	17
DLC1	0.00347285824355978	0.999044228653419	0.999901617477153	17
TMED2	0.0553905916028823	0.984756616518892	0.999901617477153	17
EIF3C	-0.0317746024152178	0.991255393503317	0.999901617477153	17
JTB	0.0390769573716717	0.989245938502334	0.999901617477153	17
HNRNPU	-0.033434004504963	0.990798396189419	0.999901617477153	17
CAV2	0.0201157055382429	0.994463874346258	0.999901617477153	17
PLS3	0.00377245920943303	0.99896177489354	0.999901617477153	17
NFE2L1	0.0389709529292937	0.989275108106483	0.999901617477153	17
ID4	-0.0298923087325125	0.991773703504873	0.999901617477153	17
EIF4B	0.00361175464445388	0.999006002831504	0.999901617477153	17
GPD1	0.0417418887825566	0.988513027278319	0.999901617477153	17
IGHG1	-0.0836160488881775	0.976991288317118	0.999901617477153	17
LEPROT	0.0442333410475242	0.987827929611998	0.999901617477153	17
TTC3	-0.0501314719027666	0.986203581189412	0.999901617477153	17
KIF5B	0.0414995656848332	0.988579710511429	0.999901617477153	17
PNRC2	-0.0656954238598103	0.981921935980094	0.999901617477153	17
COX5B	0.0414898113013921	0.98858239475246	0.999901617477153	17
KCTD12	0.025103371541425	0.993091751292836	0.999901617477153	17
ATP1B3	-0.0487197766388179	0.986592543872965	0.999901617477153	17
PECAM1	-0.0130063532117058	0.996420569323337	0.999901617477153	17
F13A1	0.00797155174755201	0.99780630531497	0.999901617477153	17
CTDSP2	0.0227947341835787	0.993726815576776	0.999901617477153	17
C14orf2	-0.0150536114642093	0.995857002205068	0.999901617477153	17
CELF2	0.074489036010444	0.979502214744807	0.999901617477153	17
LEP	0.145405050922776	0.960000604787029	0.999901617477153	17
LIPA	0.00570009386381182	0.998431327260862	0.999901617477153	17
RBP4	0.0226434697338211	0.993768444243365	0.999901617477153	17
SQSTM1	0.00809076460615939	0.997773498904154	0.999901617477153	17
ATP6V1G2-DDX39B	-0.031389024716695	0.991361501922364	0.999901617477153	17
PHB2	0.00583442912573803	0.998394357861428	0.999901617477153	17
ATP5O	0.00355029107419868	0.999022918353856	0.999901617477153	17
PGK1	-0.0132534567340997	0.996352565448195	0.999901617477153	17
PDLIM1	-0.0281228723736721	0.992260930363604	0.999901617477153	17
C4A	-0.0482705294416915	0.986716159703331	0.999901617477153	17
ZFP36	-0.067032400117023	0.981553399668734	0.999901617477153	17
ISCU	0.0417276025812017	0.988516958596005	0.999901617477153	17
MCAM	0.0611145485899074	0.983182893709523	0.999901617477153	17
TMBIM6	0.0554710142959411	0.984734485802603	0.999901617477153	17
PPP2CB	0.0223913668915524	0.993837823927581	0.999901617477153	17
GAS6	-0.0297277880894526	0.991818976076899	0.999901617477153	17
AQP1	0.0223894251801694	0.993838358268656	0.999901617477153	17
ATP5F1	-0.0111021019035519	0.996944745131262	0.999901617477153	17
SERBP1	-0.0131488196775334	0.996381362447267	0.999901617477153	17
ID1	-0.0300031290232075	0.991743208019228	0.999901617477153	17
RETSAT	0.0775203781713251	0.978669062230427	0.999901617477153	17
MT1G	-0.0470640483159284	0.987048641544628	0.999901617477153	17
SEC11A	0.00805599811879435	0.997783066352956	0.999901617477153	17
SSR1	0.0201752350362915	0.994447490931177	0.999901617477153	17
TMED10	0.00585063747821353	0.998389897282709	0.999901617477153	17
FZD4	0.0226594910091427	0.99376403512802	0.999901617477153	17
COX7A2	0.0273395700024276	0.992476681676376	0.999901617477153	17
SERINC3	0.0969607631960544	0.973322146861365	0.999901617477153	17
ADD3	0.0775704581318518	0.978655283764472	0.999901617477153	17
ARPP19	0.0608330387936195	0.983260350598464	0.999901617477153	17
IRS2	0.00568566501381547	0.998435297762494	0.999901617477153	17
ANGPTL2	0.0610630446521782	0.983197064574693	0.999901617477153	17
AHCYL1	-0.0112018507134178	0.996917294385046	0.999901617477153	17
PFN1	-0.0283121507165234	0.992208846441072	0.999901617477153	17
SEMA3C	0.041550028729537	0.988565823937899	0.999901617477153	17
AOC3	0.0610220376099718	0.983208347981426	0.999901617477153	17
MDFIC	0.0938322634999536	0.974181615191452	0.999901617477153	17
MMP2	-0.0107934446949367	0.997029684989262	0.999901617477153	17
NDUFB1	0.0079943750819288	0.997800024517162	0.999901617477153	17
COX8A	0.0247965708484922	0.993176180563765	0.999901617477153	17
SH3GLB1	0.0775704575323226	0.978655283929387	0.999901617477153	17
PALLD	-0.0296303261272518	0.991845797666284	0.999901617477153	17
CREG1	-0.0129180706969767	0.996444864755296	0.999901617477153	17
ARPC2	-0.0110928993098693	0.996947277668282	0.999901617477153	17
NOTCH2	0.00590717218895841	0.998374338391305	0.999901617477153	17
EIF3F	-0.00904834204921734	0.997510026832409	0.999901617477153	17
SPCS2	0.00805796554489009	0.997782524942493	0.999901617477153	17
FMO2	0.0080392149648483	0.997787684484125	0.999901617477153	17
MIR1244-3	-0.0110586616392522	0.996956699529935	0.999901617477153	17
UQCRFS1	0.0272451378468487	0.992502667518936	0.999901617477153	17
CYCS	-0.0471596967321278	0.987022326639471	0.999901617477153	17
Y16709	-0.0109984772117422	0.996973261845204	0.999901617477153	17
STAT3	-0.0111236658838767	0.996938810210245	0.999901617477153	17
VAMP3	0.0804603272393266	0.977861162369862	0.999901617477153	17
TMEM258	0.0444772054533566	0.9877608258587	0.999901617477153	17
DAB2	0.0248574847138675	0.993159417546012	0.999901617477153	17
LIMA1	-0.0087777818896484	0.997584480234467	0.999901617477153	17
SEC31A	-0.0261652113549086	0.992799924075664	0.999901617477153	17
KLF2	0.005863556359092	0.998386341649068	0.999901617477153	17
SH3BGRL	0.0103061772667011	0.997163953319784	0.999901617477153	17
EFCAB14	0.061072797499543	0.983194381084194	0.999901617477153	17
FAM120A	0.00813931124239767	0.99776013920457	0.999901617477153	17
HMGN3	0.0443645657173262	0.98779182060208	0.999901617477153	17
ECM2	0.02501991209472	0.993114718672779	0.999901617477153	17
PGM1	0.0273572174804474	0.99247182559765	0.999901617477153	17
DBT	0.0108487980445076	0.997014634337084	0.999901617477153	17
RPN2	0.0247965708484922	0.993176180563765	0.999901617477153	17
RPL36	-0.0107824582189243	0.997032708437299	0.999901617477153	17
IER2	-0.0644998087967491	0.982251570375008	0.999901617477153	17
AKAP2	-0.0282092094376742	0.992237173049042	0.999901617477153	17
KLF4	-0.0645165073983192	0.982246976554144	0.999901617477153	17
EIF3K	0.0299570752171901	0.991756750706658	0.999901617477153	17
GHITM	0.0497413943022906	0.986313476797431	0.999901617477153	17
RPS27L	0.00805599811879435	0.997783066352956	0.999901617477153	17
TPM1	-0.0281262920471009	0.992259991285612	0.999901617477153	17
VDAC2	0.0103093224897001	0.997163087884845	0.999901617477153	17
MACF1	-0.00868225847063545	0.997610766598157	0.999901617477153	17
CSTB	0.0806807550142358	0.977800521524872	0.999901617477153	17
PCDHGA1	0.0103916144743119	0.997140442619201	0.999901617477153	17
GNB1	0.0638957531047633	0.982418396813384	0.999901617477153	17
PPIB	-0.0110424205780757	0.996961168922432	0.999901617477153	17
NDUFC2	0.0498019458412223	0.986296816613866	0.999901617477153	17
MYL9	0.00800257242588102	0.997797768674089	0.999901617477153	17
VDAC3	0.046924475232194	0.987087964820988	0.999901617477153	17
LOC101928061	-0.045349967858464	0.987520781551504	0.999901617477153	17
ATP5C1	0.0298615346391418	0.991783040353811	0.999901617477153	17
LRRFIP1	-0.0451702564128511	0.987570224943795	0.999901617477153	17
JAK1	0.0273162144042825	0.992483108824149	0.999901617477153	17
ARID5B	-0.045316391733237	0.987530017148613	0.999901617477153	17
ZMYND11	0.0837839112639987	0.976947841005034	0.999901617477153	17
SH3BP5	0.0105151696951704	0.997106442560835	0.999901617477153	17
BCL6	0.0277036116359939	0.992376504910192	0.999901617477153	17
NDUFB4	0.0299238876325288	0.991765882845762	0.999901617477153	17
MIR636	-0.0438226014184725	0.987941522973908	0.999901617477153	17
ECHS1	-0.00910966914704472	0.997493150763037	0.999901617477153	17
CES1	0.100288398909441	0.972408035641626	0.999901617477153	17
EIF3H	-0.00903901765466157	0.997512592789461	0.999901617477153	17
TRMT5	-0.0436533030268843	0.987988105205079	0.999901617477153	17
FEZ2	0.0837085481560359	0.976968572247656	0.999901617477153	17
RPL36AL	-0.0110312762730086	0.996964235815117	0.999901617477153	17
ASPH	0.0637591876996388	0.982455970944736	0.999901617477153	17
PNRC1	-0.0263856114068212	0.992739278600661	0.999901617477153	17
KARS	0.0299238876325288	0.991765882845762	0.999901617477153	17
SRSF5	-0.0642599238727037	0.982317567989868	0.999901617477153	17
FYN	0.0837839112639987	0.976947841005034	0.999901617477153	17
EIF5	-0.00912966471004399	0.997487647769011	0.999901617477153	17
SRPX	0.0103946430525175	0.997139609878508	0.999901617477153	17
UQCRH	0.0102532738101229	0.997178511405902	0.999901617477153	17
ACAT1	0.046862848211557	0.987104921826222	0.999901617477153	17
STK24	0.0127205586518453	0.996499711428735	0.999901617477153	17
TCF7L2	0.012632270481419	0.996524005656362	0.999901617477153	17
CRISPLD2	-0.118272706922037	0.967461734558914	0.999901617477153	17
RHEB	-0.043651335600788	0.987988646559532	0.999901617477153	17
CEBPA	0.0642183561484625	0.982329642146093	0.999901617477153	17
MYH10	0.0300093248401469	0.991742373318293	0.999901617477153	17
PTTG1IP	-0.00689410136640762	0.998102917361005	0.999901617477153	17
HIF1A	-0.00912059419587509	0.997490143761699	0.999901617477153	17
HSPA5	-0.099426039043864	0.972645019965362	0.999901617477153	17
ATP6V0C	0.0126574623773442	0.996517073610536	0.999901617477153	17
KANK1	0.0469554963724135	0.987079429189333	0.999901617477153	17
HINT1	0.0498120457946928	0.986294037707524	0.999901617477153	17
ANAPC13	0.0127205586518453	0.996499711428735	0.999901617477153	17
CCL14	-0.0453509856808305	0.987520501755653	0.999901617477153	17
SELENBP1	0.0127205593952819	0.99649971122417	0.999901617477153	17
NDUFA4	-0.00698438387501653	0.998078074112731	0.999901617477153	17
CAPZB	0.0129951304460706	0.996424157588538	0.999901617477153	17
SLC25A5	-0.061771403540911	0.983003587909871	0.999901617477153	17
CS	-0.00902525418859609	0.997516380199378	0.999901617477153	17
KLF10	-0.0455079244814628	0.987477318733543	0.999901617477153	17
ENPP2	-0.0452635081818255	0.987544570123542	0.999901617477153	17
LYVE1	0.012730778174957	0.996496899325752	0.999901617477153	17
IL1R1	-0.0438226014184725	0.987941522973908	0.999901617477153	17
HEBP2	0.0299251683168158	0.991765530616543	0.999901617477153	17
PICALM	0.050116566031373	0.986210251906325	0.999901617477153	17
RTN3	0.0126574623773442	0.996517073610536	0.999901617477153	17
GHR	0.0667510073467559	0.981633624884318	0.999901617477153	17
NDUFA1	0.0299334657161994	0.991763247443292	0.999901617477153	17
RP6-11O7.2	0.0129951304460706	0.996424157588538	0.999901617477153	17
PALMD	0.0668123621800097	0.981616745493702	0.999901617477153	17
TGOLN2	0.0127205586518453	0.996499711428735	0.999901617477153	17
LMBRD1	0.0127205586518455	0.996499711428735	0.999901617477153	17
ID2	-0.00691954093351112	0.998095916595434	0.999901617477153	17
TUBB6	-0.00486333043478797	0.998661788412071	0.999901617477153	17
AFF1	0.0301092752986695	0.991714870396736	0.999901617477153	17
EIF4H	-0.00899453817728237	0.997524832808423	0.999901617477153	17
YWHAE	0.0128984628686539	0.99645075757875	0.999901617477153	17
GNG5	0.0128996489547888	0.996450431278863	0.999901617477153	17
MAN1A1	0.0299238876325289	0.991765882845762	0.999901617477153	17
NSA2	-0.0263370609077798	0.992752637717361	0.999901617477153	17
CLIC4	-0.0437587439285669	0.987959092225764	0.999901617477153	17
NFE2L2	-0.0244693719740656	0.993266841651266	0.999901617477153	17
TPI1	0.0500093434948933	0.986239756545744	0.999901617477153	17
NME1-NME2	0.0126334550386215	0.996523679775695	0.999901617477153	17
AGPAT2	0.0668372381590753	0.981609901287441	0.999901617477153	17
GPI	0.0126574623773442	0.996517073610536	0.999901617477153	17
LHFP	0.0531727282050306	0.985370044882316	0.999901617477153	17
SRSF3	-0.00696097084825028	0.998084516278196	0.999901617477153	17
IGFBP6	0.0107181330930304	0.9970505909287	0.999901617477153	17
NQO1	0.16171344065838	0.955525903181913	0.999901617477153	17
TJP1	0.0500649888972615	0.986224442849402	0.999901617477153	17
CYB5A	0.0126334557829653	0.99652367957088	0.999901617477153	17
CD93	-0.0440130278963217	0.987889130566514	0.999901617477153	17
UQCRQ	0.0298615346391417	0.991783040353811	0.999901617477153	17
FBN1	-0.00689609519743403	0.998102368705693	0.999901617477153	17
MT1F	0.0126472158172643	0.996519892409735	0.999901617477153	17
R3HDM4	-0.0243081081042948	0.993311215376876	0.999901617477153	17
LOC101930075	-0.00662334880960043	0.998177420978611	0.999901617477153	17
RHOBTB3	0.10756482120419	0.970409430631018	0.999901617477153	17
STARD7	0.0498974830023168	0.986270530475107	0.999901617477153	17
S100A11	0.0127541458983724	0.996490469236539	0.999901617477153	17
SIDT2	0.0498452333793572	0.986284906459352	0.999901617477153	17
JUN	-0.00700744989395945	0.998071727034112	0.999901617477153	17
ARHGDIB	0.0127237646705483	0.996498829319276	0.999901617477153	17
KRT18	-0.0613970571131305	0.983106567255086	0.999901617477153	17
CALB2	0.0105674130317405	0.997092066182377	0.999901617477153	17
AOX1	0.032726508360003	0.990995090707105	0.999901617477153	17
LOC101060373	0.0700636513069087	0.980723128452945	0.999901617477153	17
EPOR	-0.0420316679623544	0.988434764986607	0.999901617477153	17
SGK1	-0.0989719682479402	0.972771002733387	0.999901617477153	17
VCL	0.0126574623773442	0.996517073610536	0.999901617477153	17
RARRES2	0.0127301374798691	0.996497075699738	0.999901617477153	17
FAM13A	-0.0244973134735714	0.993259154877244	0.999901617477153	17
MINOS1-NBL1	0.0128070183285137	0.996475920346017	0.999901617477153	17
NBPF1	0.0128070175839826	0.99647592055089	0.999901617477153	17
PCOLCE2	0.120684625610811	0.966800260401379	0.999901617477153	17
CD163	-0.00487576116485411	0.99865836824236	0.999901617477153	17
ALDH1A1	0.0326268255366315	0.991022519036816	0.999901617477153	17
TKT	0.0325637299286813	0.99103988005312	0.999901617477153	17
DUSP6	-0.041984116689957	0.988447848250879	0.999901617477153	17
RBPMS	0.0127773797730904	0.996484076909697	0.999901617477153	17
SULF1	0.0354812907880327	0.990237543899476	0.999901617477153	17
MAT2A	-0.0769727660921946	0.978824010380931	0.999901617477153	17
C2CD2	-0.00478824921641926	0.998682448198151	0.999901617477153	17
LYZ	-0.060161778177156	0.98344709372406	0.999901617477153	17
RARRES1	0.0907979068655584	0.97502070108595	0.999901617477153	17
UCP2	0.0151361458048042	0.995835199725998	0.999901617477153	17
TFPI2	-0.0420635845920867	0.988425981706444	0.999901617477153	17
C1QA	0.0527934506143873	0.98547439319665	0.999901617477153	17
KPNB1	-0.04214826511388	0.988402683796925	0.999901617477153	17
PLTP	0.052886604937399	0.985448763735918	0.999901617477153	17
LAMA4	0.0151649829649632	0.995827264112752	0.999901617477153	17
PTGIS	-0.0202562371768529	0.994426603907959	0.999901617477153	17
ADAMTS1	-0.153747004359822	0.957715521515578	0.999901617477153	17
PPP1R1A	0.0940144437881404	0.974137242642387	0.999901617477153	17
PDGFRA	0.0530578219013636	0.985401658105055	0.999901617477153	17
CD14	-0.0599519049983481	0.983504830612143	0.999901617477153	17
PLA2G2A	-0.0779867755694213	0.978544185355733	0.999901617477153	17
TIMP4	0.0796396658139934	0.978091955271572	0.999901617477153	17
POSTN	-0.00228852531165436	0.99937030730314	0.999901617477153	17
MKNK2	0.0354752761118097	0.990239201228928	0.999901617477153	17
TFRC	-0.057292430623076	0.984237819147949	0.999901617477153	17
DNAJA1	-0.0602297743734672	0.983428389503112	0.999901617477153	17
PFKFB3	0.038045839926609	0.989532420834549	0.999901617477153	17
TUBB2A	-0.0388785782018282	0.989303214355436	0.999901617477153	17
LMNA	-0.0387873244570427	0.989328316011197	0.999901617477153	17
LOC101928916	-0.095637804409307	0.973691291889259	0.999901617477153	17
HSPB6	-0.000358651719814539	0.999901320497437	0.999901617477153	17
AKR1C3	0.114862209064997	0.96840571682036	0.999901617477153	17
LITAF	-0.0370338848178751	0.989811169969441	0.999901617477153	17
TUBB4B	-0.0603213589534167	0.983403196198309	0.999901617477153	17
FASN	0.00221080507833847	0.999391745727937	0.999901617477153	17
RP11-209A2.1	0.0203325173257254	0.994405892370328	0.999901617477153	17
ADM	-0.0558495922839874	0.984635410607209	0.999901617477153	17
RGS2	-0.172802143605988	0.952485903096442	0.999901617477153	17
BTG2	-0.0185219526370519	0.994904001043905	0.999901617477153	17
CYR61	-0.113899155500327	0.96867229443114	0.999901617477153	17
CYAT1	-0.0953528259536764	0.973769656889848	0.999901617477153	17
TRIB1	-0.0186867508035406	0.994858659899006	0.999901617477153	17
EHD2	0.101519743347284	0.97207592384264	0.999901617477153	17
BAG3	-0.0164683800239937	0.995469203768432	0.999901617477153	17
BASP1	-0.113678318298562	0.968732993905942	0.999901617477153	17
IGLC1	-0.11262920587953	0.969022845090536	0.999901617477153	17
UAP1	-0.113773482532182	0.968706836845372	0.999901617477153	17
RND3	-0.0733293022542318	0.979828894928417	0.999901617477153	17
BHLHE40	-0.0522925352190926	0.985615211686186	0.999901617477153	17
RGCC	-0.0538752847305158	0.985179171604487	0.999901617477153	17
TNFAIP3	-0.113273282223863	0.968845796420367	0.999901617477153	17
MYH11	-0.232822192405424	0.936021036303817	0.999901617477153	17
CCL2	-0.214408930473106	0.941072826103661	0.999901617477153	17
NAMPT	-0.070675915296805	0.980560521199574	0.999901617477153	17
THBS1	-0.0523766734941097	0.985592066216592	0.999901617477153	17
MAFF	-0.0295204773281197	0.991879733824012	0.999901617477153	17
KDM6B	-0.11206556929027	0.969179259839924	0.999901617477153	17
UGCG	-0.0916335736064112	0.974797128114115	0.999901617477153	17
JUNB	-0.0913664816781095	0.97487055863498	0.999901617477153	17
NFIL3	-0.110494519586985	0.969614158236349	0.999901617477153	17
DDX21	-0.0904393343574925	0.97512672311277	0.999901617477153	17
GFPT2	-0.0492038691060608	0.986466103049806	0.999901617477153	17
GEM	-0.151945567804737	0.958224113324122	0.999901617477153	17
GADD45B	-0.132183915712561	0.963650631742695	0.999901617477153	17
VCAN	-0.132015896453529	0.96369679545111	0.999901617477153	17
TIPARP	-0.00533928789484816	0.998531401856443	0.999901617477153	17
CCNL1	-0.110410559589704	0.969637233661047	0.999901617477153	17
MYC	-0.173015664903095	0.952438789149889	0.999901617477153	17
ALDH1A3	-0.151710056496372	0.958288792634676	0.999901617477153	17
CDKN1A	-0.151644867930773	0.95830887541393	0.999901617477153	17
S100A9	-0.130998610392907	0.963979991240723	0.999901617477153	17
EGR1	-0.0249983841548691	0.993124313450082	0.999901617477153	17
THBD	-0.130306577865688	0.960508443434086	0.999901617477153	17
ICAM1	-0.12978981224156	0.898629280391851	0.999901617477153	17
MT1M	-0.0658373482897364	0.966503054064491	0.999901617477153	17
PLAUR	-0.130390186477146	0.960395242073377	0.999901617477153	17
ATF3	-0.172729128559146	0.751530916482649	0.999901617477153	17
FCGR3B	-0.150880451730704	0.83200467832863	0.999901617477153	17
LDLR	-0.172855535740453	0.748215731618677	0.999901617477153	17
SIK1	-0.150308346571254	0.674806316679873	0.999901617477153	17
IL6	-0.241079025776138	0.493585191415986	0.999901617477153	17
FOS	-0.241365372192174	0.536536445524572	0.999901617477153	17
CXCL2	-0.395019553825567	0.16866025251625	0.999901617477153	17
CXCL8	-0.222478781489797	0.474621797198384	0.999901617477153	17
FOSB	-0.348736771398675	0.411052115393573	0.999901617477153	17
SERPINB2	-0.257574511920904	0.929331000021636	0.999901617477153	17
